Workbook

Sheet Lägenheter
A1: BRF Höjden i Göteborg – Lägenhetsförteckning
A2: Källa: Ekonomisk plan, org.nr 769639-3391, upprättad 2022 (Sjupundsgatan 11-39 / Skillingmyntsgatan 2-4)
A4: Lghnr | B4: Storlek | C4: Boarea (m²) | D4: Mark | E4: Andelstal (%) | F4: Insats (kr) | G4: Upplåtelseavgift (kr) | H4: Insats + upplåtelse (kr) | I4: Lån per lgh (kr) | J4: Årsavgift exkl. vv (kr/år) | K4: Årsavgift exkl. vv (kr/mån) | L4: Varmvattenavgift (kr/år)
A5: 06-1101 | B5: 3 rok | C5: 81 | D5: M | E5: 0.017736 | F5: 2453000 | G5: 1082000 | H5: 3535000 | I5: 1077300 | J5: 57792 | K5: 4816 | L5: 1750
A6: 06-1201 | B6: 3 rok | C6: 73 | E6: 0.015984 | F6: 2211000 | G6: 1164000 | H6: 3375000 | I6: 970900 | J6: 52084 | K6: 4340 | L6: 1750
A7: 06-1202 | B7: 1 rok | C7: 35 | E7: 0.007664 | F7: 1060000 | G7: 650000 | H7: 1710000 | I7: 465500 | J7: 24972 | K7: 2081 | L7: 1050
A8: 06-1203 | B8: 1 rok | C8: 35 | E8: 0.007664 | F8: 1060000 | G8: 650000 | H8: 1710000 | I8: 465500 | J8: 24972 | K8: 2081 | L8: 1050
A9: 06-1204 | B9: 3 rok | C9: 73 | E9: 0.015984 | F9: 2211000 | G9: 1164000 | H9: 3375000 | I9: 970900 | J9: 52084 | K9: 4340 | L9: 1750
A10: 06-1301 | B10: 3 rok | C10: 73 | E10: 0.015984 | F10: 2211000 | G10: 1214000 | H10: 3425000 | I10: 970900 | J10: 52084 | K10: 4340 | L10: 1750
A11: 06-1302 | B11: 1 rok | C11: 35 | E11: 0.007664 | F11: 1060000 | G11: 680000 | H11: 1740000 | I11: 465500 | J11: 24972 | K11: 2081 | L11: 1050
A12: 06-1303 | B12: 1 rok | C12: 35 | E12: 0.007664 | F12: 1060000 | G12: 680000 | H12: 1740000 | I12: 465500 | J12: 24972 | K12: 2081 | L12: 1050
A13: 06-1304 | B13: 3 rok | C13: 73 | E13: 0.015984 | F13: 2211000 | G13: 1214000 | H13: 3425000 | I13: 970900 | J13: 52084 | K13: 4340 | L13: 1750
A14: 06-1401 | B14: 3 rok | C14: 73 | E14: 0.015984 | F14: 2211000 | G14: 1264000 | H14: 3475000 | I14: 970900 | J14: 52084 | K14: 4340 | L14: 1750
A15: 06-1402 | B15: 1 rok | C15: 35 | E15: 0.007664 | F15: 1060000 | G15: 710000 | H15: 1770000 | I15: 465500 | J15: 24972 | K15: 2081 | L15: 1050
A16: 06-1403 | B16: 1 rok | C16: 35 | E16: 0.007664 | F16: 1060000 | G16: 710000 | H16: 1770000 | I16: 465500 | J16: 24972 | K16: 2081 | L16: 1050
A17: 06-1404 | B17: 3 rok | C17: 73 | E17: 0.015984 | F17: 2211000 | G17: 1264000 | H17: 3475000 | I17: 970900 | J17: 52084 | K17: 4340 | L17: 1750
... A88: 08-2005 | B88: 4 rok | C88: 86 | E88: 0.018831 | F88: 2604000 | G88: 1646000 | H88: 4250000 | I88: 1143800 | J88: 61360 | K88: 5113 | L88: 2050
A89: SUMMA / SNITT | B89: =COUNTA(B5:B88)&" lgh" -> 84 lgh | C89: =SUM(C5:C88) -> 4567 | E89: =SUM(E5:E88) -> 1.000004 | F89: =SUM(F5:F88) -> 138308000 | G89: =SUM(G5:G88) -> 87392000 | H89: =SUM(H5:H88) -> 225700000 | I89: =SUM(I5:I88) -> 60741100 | J89: =SUM(J5:J88) -> 3258481 | L89: =SUM(L5:L88) -> 118900
A91: Anm.: "Storlek" = antal rum enligt föreningens lägenhetsförteckning (kök oräknat). Andelstal beräknat på boarea/total boarea. Källa: Ekonomisk plan, avsnitt 5 Lägenhetsförteckning.

Sheet Sammanfattning
A1: Sammanfattning per lägenhetstyp
A2: BRF Höjden i Göteborg – 84 lägenheter, totalt 4 567 m² boarea
A4: Storlek | B4: Antal lgh | C4: Andel av bestånd | D4: Boarea totalt (m²) | E4: Snittstorlek (m²) | F4: Andelstal totalt (%)
A5: 1 rok | B5: =COUNTIF(Lägenheter!B5:B88,A5) -> 32 | C5: =B5/SUM($B$5:$B$8) -> 0.38095238 | D5: =SUMIF(Lägenheter!B5:B88,A5,Lägenheter!C5:C88) -> 1077 | E5: =D5/B5 -> 33.65625 | F5: =SUMIF(Lägenheter!B5:B88,A5,Lägenheter!E5:E88) -> 0.235831
A6: 2 rok | B6: =COUNTIF(Lägenheter!B5:B88,A6) -> 21 | C6: =B6/SUM($B$5:$B$8) -> 0.25 | D6: =SUMIF(Lägenheter!B5:B88,A6,Lägenheter!C5:C88) -> 1113 | E6: =D6/B6 -> 53 | F6: =SUMIF(Lägenheter!B5:B88,A6,Lägenheter!E5:E88) -> 0.243705
A7: 3 rok | B7: =COUNTIF(Lägenheter!B5:B88,A7) -> 22 | C7: =B7/SUM($B$5:$B$8) -> 0.26190476 | D7: =SUMIF(Lägenheter!B5:B88,A7,Lägenheter!C5:C88) -> 1565 | E7: =D7/B7 -> 71.136364 | F7: =SUMIF(Lägenheter!B5:B88,A7,Lägenheter!E5:E88) -> 0.342669
A8: 4 rok | B8: =COUNTIF(Lägenheter!B5:B88,A8) -> 9 | C8: =B8/SUM($B$5:$B$8) -> 0.10714286 | D8: =SUMIF(Lägenheter!B5:B88,A8,Lägenheter!C5:C88) -> 812 | E8: =D8/B8 -> 90.222222 | F8: =SUMIF(Lägenheter!B5:B88,A8,Lägenheter!E5:E88) -> 0.177799
A9: TOTALT | B9: =SUM(B5:B8) -> 84 | C9: =SUM(C5:C8) -> 1 | D9: =SUM(D5:D8) -> 4567 | E9: =D9/B9 -> 54.369048 | F9: =SUM(F5:F8) -> 1.000004
A33: Anm.: Siffrorna hämtade från föreningens ekonomiska plan (2022). Andelstal och avgifter kan ha justerats sedan dess vid stämmobeslut.
